repository_path	public_sha256	artifact_class	origin_class	historical_sha256	transformation	qualification
src/correlation/splunk_causal_admissibility_composer_v1_1_0_candidate.sh	e1fc705f560a80bfaa5d2272b62de1d023038c10427fc725606fde2092e1d4fb	SOURCE_CORRELATION	QUALIFIED_CANDIDATE_SOURCE	e1fc705f560a80bfaa5d2272b62de1d023038c10427fc725606fde2092e1d4fb	BYTE_IDENTICAL_COPY	SOURCE_AUDIT_PASS
src/correlation/splunk_parent_attachment_policy_model_v1_0_1_candidate.sh	1abcebacf95759f80a804ec941a1d20c5d12c3c838d2c79c475b19c1019dce13	SOURCE_CORRELATION	QUALIFIED_CANDIDATE_SOURCE	1abcebacf95759f80a804ec941a1d20c5d12c3c838d2c79c475b19c1019dce13	BYTE_IDENTICAL_COPY	SOURCE_AUDIT_PASS
src/correlation/splunk_temporal_pair_correlation_model_v1_1_0_candidate.sh	d81d9b0213a112fd6c289de3a0289d4a9a191f3b79e657bb8be11a9946069d5f	SOURCE_CORRELATION	QUALIFIED_CANDIDATE_SOURCE	d81d9b0213a112fd6c289de3a0289d4a9a191f3b79e657bb8be11a9946069d5f	BYTE_IDENTICAL_COPY	SOURCE_AUDIT_PASS
src/evidence/splunk/splunk_cm_decision_model_v1_1_0_candidate.sh	a05fed36ef17b047a887989b5de156fec328b7090b0047fd6d6d1f05db2c7fa5	SOURCE_EVIDENCE	QUALIFIED_CANDIDATE_SOURCE	a05fed36ef17b047a887989b5de156fec328b7090b0047fd6d6d1f05db2c7fa5	BYTE_IDENTICAL_COPY	SOURCE_AUDIT_PASS
src/evidence/splunk/splunk_cm_evidence_adapter_v1_0_0_candidate.sh	1c4bbd0c3b49c1bd924a1f7671a02795b6bc6b7dde433b5c566e96c712663e87	SOURCE_EVIDENCE	QUALIFIED_CANDIDATE_SOURCE	1c4bbd0c3b49c1bd924a1f7671a02795b6bc6b7dde433b5c566e96c712663e87	BYTE_IDENTICAL_COPY	SOURCE_AUDIT_PASS
src/evidence/splunk/splunk_cm_evidence_collector_v1_0_0_candidate.sh	7f0f14db06950d17c500975b97da86fbaf3b3fc2f4f226bff186e1637921e16f	SOURCE_EVIDENCE	QUALIFIED_CANDIDATE_SOURCE	7f0f14db06950d17c500975b97da86fbaf3b3fc2f4f226bff186e1637921e16f	BYTE_IDENTICAL_COPY	SOURCE_AUDIT_PASS
src/evidence/splunk/splunk_cm_protection_collector_v1_0_0_candidate.sh	2c8818b623f1284f99e23404ea5ab73752beae00d1267d03007111d12e59734b	SOURCE_EVIDENCE	QUALIFIED_CANDIDATE_SOURCE	2c8818b623f1284f99e23404ea5ab73752beae00d1267d03007111d12e59734b	BYTE_IDENTICAL_COPY	SOURCE_AUDIT_PASS
src/evidence/splunk/splunk_indexer_cm_consistency_model_v1_0_1_candidate.sh	d28d473b7f67a78e8e7b9f8dd96588652b54c2ae57cb558d387016c36061fde0	SOURCE_EVIDENCE	QUALIFIED_CANDIDATE_SOURCE	d28d473b7f67a78e8e7b9f8dd96588652b54c2ae57cb558d387016c36061fde0	BYTE_IDENTICAL_COPY	SOURCE_AUDIT_PASS
src/evidence/splunk/splunk_indexer_service_impact_model_v1_0_1_candidate.sh	0a999e94d95538684fcf5cd2f0f6f625d26f8edede7a69fe0f26fe6ec2a15142	SOURCE_EVIDENCE	QUALIFIED_CANDIDATE_SOURCE	381c59f0a0edf614c968f952053c1cdeb0c933ed626ed90a56053a7ecc400f00	DETERMINISTIC_PUBLICATION_SANITIZATION	SOURCE_AUDIT_PASS
src/evidence/splunk/splunk_role_discovery_v1_0_0_candidate.sh	9bb40b5bf96452e7e88666f02a0c630142f42b6ead41eea93e9411cf704bcef6	SOURCE_EVIDENCE	QUALIFIED_CANDIDATE_SOURCE	9bb40b5bf96452e7e88666f02a0c630142f42b6ead41eea93e9411cf704bcef6	BYTE_IDENTICAL_COPY	SOURCE_AUDIT_PASS
tests/adversarial/test_splunk_temporal_provenance_integrity.sh	7183dcbcfa58cf683e71e204503b35a20d7a4764eb1a578eb146d136724426f0	ADVERSARIAL_TEST	QUALIFIED_HISTORICAL_TEST	2569539653f119996902a10dbe4ae6a83c82f87aa5f224f7e24a6bc8218c5c42	ENVIRONMENTAL_PATH_PORT_ONLY	ADVERSARIAL_PASS
tests/fixtures/splunk/service-impact/indexer_consistency.json	4c0f08651dff3a09af6b2bcc531e86e02d9bfc6e08085a263caaeb3ed4018692	TEST_FIXTURE	QUALIFIED_TEST_FIXTURE	2d94ab12652ede1d0dee2a6242335fb0ed0375d0ae33e9c28af225fed80913b5	DETERMINISTIC_PUBLICATION_SANITIZATION	FIXTURE_AUDIT_PASS
tests/fixtures/splunk/service-impact/insufficient.json	31b6a336ec3238a15a824734eb2bab84c770d726fad21409d8ca8218c8c32da2	TEST_FIXTURE	QUALIFIED_TEST_FIXTURE	31b6a336ec3238a15a824734eb2bab84c770d726fad21409d8ca8218c8c32da2	BYTE_IDENTICAL_COPY	FIXTURE_AUDIT_PASS
tests/fixtures/splunk/service-impact/normal.json	c54485762b40bfad169454949f394a44a169b7d40e81673d8ad4ad1055ef4eb6	TEST_FIXTURE	QUALIFIED_TEST_FIXTURE	c54485762b40bfad169454949f394a44a169b7d40e81673d8ad4ad1055ef4eb6	BYTE_IDENTICAL_COPY	FIXTURE_AUDIT_PASS
tests/fixtures/splunk/service-impact/peer_down.json	2ebe5d4e1d157573fd0d99052bf64e520506a190309c2022b0ce9aa8036e3a5a	TEST_FIXTURE	QUALIFIED_TEST_FIXTURE	2ebe5d4e1d157573fd0d99052bf64e520506a190309c2022b0ce9aa8036e3a5a	BYTE_IDENTICAL_COPY	FIXTURE_AUDIT_PASS
tests/fixtures/splunk/service-impact/protection_degraded.json	722b559c29b9adbabab6b14404a29d10881fd327bb31994fc8f406bace4681c8	TEST_FIXTURE	QUALIFIED_TEST_FIXTURE	722b559c29b9adbabab6b14404a29d10881fd327bb31994fc8f406bace4681c8	BYTE_IDENTICAL_COPY	FIXTURE_AUDIT_PASS
tests/fixtures/splunk/temporal/causal_semantic_cause.json	c62e38e04279ba464b1e85125403386ce3108ee74a91841a7e75a98f75a4693d	TEST_FIXTURE	QUALIFIED_TEST_FIXTURE	a9a0798b46155032dcea5f2d6440ae487943646a069972aaabe24d875e833516	DETERMINISTIC_PUBLICATION_SANITIZATION	FIXTURE_AUDIT_PASS
tests/fixtures/splunk/temporal/causal_semantic_effect.json	9dfcbf17ca8de7fe9aba4060cd82b9dc01314c3a426de7ae871193a5c7f918b1	TEST_FIXTURE	QUALIFIED_TEST_FIXTURE	effef797bd2fa39d759aa89a098ed2861d040e89692fd54d66f499bd0dd76bfe	DETERMINISTIC_PUBLICATION_SANITIZATION	FIXTURE_AUDIT_PASS
tests/golden/test_splunk_temporal_deterministic_replay.sh	083b648e833da12b5f90e693735727faecb4bd2a34c0e07c6869e7563f290b9e	GOLDEN_TEST	QUALIFIED_HISTORICAL_TEST	ffab65f81006a5b7f6d6017be567beb55be3861d0d679be87e9acccd5d0581d1	ENVIRONMENTAL_PATH_PORT_ONLY	GOLDEN_PASS
tests/integration/test_splunk_service_impact_matrix.sh	54e0b9d9b11a863bf0aab50c03fd0a34528b355652e50f93260aebfba02fec18	INTEGRATION_TEST	QUALIFIED_HISTORICAL_TEST	2db0fc319e49944b9ae1110e28d04495d0c90ee52b460c719e270b3a835c10e8	ENVIRONMENTAL_PATH_PORT_ONLY	INTEGRATION_PASS
